first_name,last_name,Site,Service,MotDePasse
Early,Bettis,Tours,Service-informatique,test@1234
Trudey,de Courcey,Bordeaux,Service-informatique,test@1234
Elka,Wixey,Tours,Ressources-humaines,test@1234
Tova,Finlaison,Bordeaux,Direction,test@1234
Sapphire,Pritchitt,Bordeaux,Service-informatique,test@1234
Maridel,Dallin,Tours,Logistique,test@1234
Mechelle,Staterfield,Tours,Service-informatique,test@1234
Lothaire,Chaunce,Bordeaux,Direction,test@1234
Lester,Hunston,Tours,Service-informatique,test@1234
Sayers,Clausius,Bordeaux,Comptabilite,test@1234
Win,Tureville,Tours,Direction,test@1234
Fair,McMillian,Bordeaux,Comptabilite,test@1234
Leigha,Aberdeen,Tours,Comptabilite,test@1234
Maison,Toby,Bordeaux,Coordination,test@1234
Alleyn,Farnall,Bordeaux,Comptabilite,test@1234
Hatti,Gaspard,Tours,Comptabilite,test@1234
Abbye,Bemlott,Bordeaux,Coordination,test@1234
Mallory,Liverseege,Tours,Regies,test@1234
Elva,Hatcher,Tours,Service-informatique,test@1234
Suzanne,Insko,Tours,Direction,test@1234
Cornie,Mephan,Tours,Regies,test@1234
Zorah,Cotes,Tours,Service-informatique,test@1234
Maurie,Farnan,Tours,Service-informatique,test@1234
Eydie,Kelland,Bordeaux,Service-informatique,test@1234
Roger,Kapelhof,Tours,Coordination,test@1234
Aurelea,Estevez,Bordeaux,Logistique,test@1234
Harrietta,Gilham,Bordeaux,Direction,test@1234
Katleen,Mottinelli,Tours,Service-informatique,test@1234
Blinnie,Summerill,Tours,Direction,test@1234
Vic,Kenwright,Bordeaux,Coordination,test@1234
Rafferty,Christophers,Tours,Comptabilite,test@1234
Barty,Hiom,Bordeaux,Ressources-humaines,test@1234
Norrie,Janusik,Tours,Ressources-humaines,test@1234
Sim,Crigin,Bordeaux,Logistique,test@1234
Keeley,Duer,Bordeaux,Regies,test@1234
Deena,Jenicek,Bordeaux,Logistique,test@1234
Claudette,Doble,Bordeaux,Service-informatique,test@1234
Randa,Joe,Tours,Ressources-humaines,test@1234
Eleonore,Dunks,Bordeaux,Coordination,test@1234
Chevalier,Hounsham,Tours,Ressources-humaines,test@1234
Sidonnie,Beamand,Bordeaux,Regies,test@1234
Nellie,Keatley,Tours,Ressources-humaines,test@1234
Free,Rupprecht,Bordeaux,Direction,test@1234
Umeko,Windebank,Bordeaux,Ressources-humaines,test@1234
Jandy,Martinelli,Tours,Coordination,test@1234
Coriss,Pareman,Tours,Logistique,test@1234
Laurianne,Wane,Tours,Service-informatique,test@1234
Gamaliel,Stiffkins,Tours,Service-informatique,test@1234
Brynna,Threadgould,Bordeaux,Direction,test@1234
Bartlet,Whitton,Tours,Comptabilite,test@1234
Giordano,Jelly,Tours,Coordination,test@1234
Liva,Lippiatt,Bordeaux,Coordination,test@1234
Vic,Burlingame,Bordeaux,Regies,test@1234
Preston,Sackett,Bordeaux,Direction,test@1234
Phebe,Creese,Bordeaux,Comptabilite,test@1234
Victor,Hattoe,Tours,Ressources-humaines,test@1234
Carrissa,Lammers,Tours,Direction,test@1234
Brad,Towner,Tours,Coordination,test@1234
Giselle,Troke,Bordeaux,Regies,test@1234
Benedetto,Harback,Tours,Ressources-humaines,test@1234
Philis,MacCahee,Bordeaux,Coordination,test@1234
Christabel,Angell,Tours,Service-informatique,test@1234
Karel,Langhorne,Tours,Service-informatique,test@1234
Thorpe,Dorn,Tours,Direction,test@1234
Remus,Couper,Tours,Comptabilite,test@1234
Kalila,Rodliff,Bordeaux,Direction,test@1234
Worth,Ferriday,Tours,Logistique,test@1234
Sebastiano,Tuther,Bordeaux,Regies,test@1234
Willy,Lowder,Bordeaux,Comptabilite,test@1234
Fayth,Poletto,Bordeaux,Direction,test@1234
Rodie,Orton,Bordeaux,Direction,test@1234
Winni,Fairbeard,Bordeaux,Regies,test@1234
Cody,Busswell,Bordeaux,Comptabilite,test@1234
Jo-ann,Gormally,Tours,Comptabilite,test@1234
Shelby,Uzelli,Tours,Logistique,test@1234
Rosalynd,Wasiel,Bordeaux,Comptabilite,test@1234
Fielding,Worge,Tours,Coordination,test@1234
Issy,Parmiter,Bordeaux,Service-informatique,test@1234
Georg,Vegas,Bordeaux,Regies,test@1234
Jarid,Olrenshaw,Tours,Logistique,test@1234
Thom,Squibbes,Bordeaux,Comptabilite,test@1234
Lindie,Izkovitz,Tours,Logistique,test@1234
Mair,Gwioneth,Tours,Ressources-humaines,test@1234
Phineas,Troy,Bordeaux,Coordination,test@1234
Sharlene,Roney,Tours,Logistique,test@1234
Essa,Hannaby,Bordeaux,Ressources-humaines,test@1234
Tades,Goor,Bordeaux,Coordination,test@1234
Reggy,Devenny,Bordeaux,Direction,test@1234
Whit,Caras,Bordeaux,Logistique,test@1234
Verine,Tatershall,Tours,Ressources-humaines,test@1234
Rodie,Muldownie,Tours,Ressources-humaines,test@1234
Maureene,Judge,Bordeaux,Comptabilite,test@1234
Wesley,Faltskog,Bordeaux,Comptabilite,test@1234
Gabby,Rabbage,Bordeaux,Comptabilite,test@1234
Lisetta,Hebburn,Tours,Coordination,test@1234
Carina,Gemeau,Bordeaux,Coordination,test@1234
Jud,Pendred,Tours,Service-informatique,test@1234
Georgi,Wisby,Tours,Direction,test@1234
Farah,Kilfeder,Bordeaux,Comptabilite,test@1234
Tatiana,South,Tours,Ressources-humaines,test@1234
Darrell,Cruise,Tours,Ressources-humaines,test@1234
Annette,Sorel,Bordeaux,Logistique,test@1234
Constancy,Flucks,Bordeaux,Regies,test@1234
Pearle,Best,Tours,Direction,test@1234
Winnie,Massen,Tours,Logistique,test@1234
Tasha,Scogings,Bordeaux,Comptabilite,test@1234
Selby,Fotitt,Tours,Service-informatique,test@1234
Jobey,Reddoch,Tours,Regies,test@1234
Jilli,Janas,Bordeaux,Ressources-humaines,test@1234
Brianne,Nairy,Bordeaux,Comptabilite,test@1234
Grover,Gallichiccio,Tours,Comptabilite,test@1234
Hunt,Tremouille,Tours,Direction,test@1234
Vanna,Housden,Bordeaux,Coordination,test@1234
Lavinie,Dabinett,Bordeaux,Service-informatique,test@1234
Cosme,Gothliff,Tours,Ressources-humaines,test@1234
Tobe,Brignell,Bordeaux,Coordination,test@1234
Domingo,Gulley,Bordeaux,Direction,test@1234
Aymer,Andrusyak,Bordeaux,Ressources-humaines,test@1234
Cristi,Landrick,Tours,Logistique,test@1234
Trula,Pennell,Tours,Direction,test@1234
Andy,Hartshorn,Bordeaux,Service-informatique,test@1234
Nesta,Mariot,Bordeaux,Service-informatique,test@1234
Garrard,McCreery,Bordeaux,Direction,test@1234
Tammy,Simmen,Bordeaux,Regies,test@1234
Marielle,Ackers,Bordeaux,Comptabilite,test@1234
Broddy,Skinley,Bordeaux,Regies,test@1234
Hermy,Kimm,Bordeaux,Direction,test@1234
Kerry,Peagrim,Bordeaux,Regies,test@1234
Sile,Cotterell,Tours,Ressources-humaines,test@1234
Lotte,Clardge,Tours,Regies,test@1234
Marci,Strapp,Tours,Direction,test@1234
Greer,Stebbings,Tours,Comptabilite,test@1234
Jourdain,Reuven,Bordeaux,Ressources-humaines,test@1234
Lexis,Longmore,Bordeaux,Comptabilite,test@1234
Alyda,Parradine,Tours,Coordination,test@1234
Lola,Steers,Tours,Service-informatique,test@1234
Ortensia,Carillo,Bordeaux,Logistique,test@1234
Elwyn,Betjeman,Tours,Logistique,test@1234
Benedict,Sanja,Bordeaux,Coordination,test@1234
Arlan,Bentick,Bordeaux,Logistique,test@1234
Addie,Sparhawk,Tours,Ressources-humaines,test@1234
Cirillo,Joselevitch,Tours,Ressources-humaines,test@1234
Rozamond,Sheather,Tours,Direction,test@1234
Drugi,Burgot,Tours,Logistique,test@1234
Terra,Jeger,Tours,Comptabilite,test@1234
Danny,Ivanikov,Tours,Comptabilite,test@1234
Clarissa,Bartoszinski,Bordeaux,Logistique,test@1234
Elmer,Skeats,Bordeaux,Coordination,test@1234
Jacynth,Van Vuuren,Bordeaux,Ressources-humaines,test@1234
Gilberta,Scrogges,Tours,Coordination,test@1234
Valery,Sowray,Tours,Ressources-humaines,test@1234
Emily,Mixer,Bordeaux,Coordination,test@1234
Judy,O'Shevlin,Bordeaux,Ressources-humaines,test@1234
Joline,Handscomb,Bordeaux,Ressources-humaines,test@1234
Mel,Houlworth,Bordeaux,Service-informatique,test@1234
Corri,Vass,Bordeaux,Ressources-humaines,test@1234
Koren,McCane,Tours,Comptabilite,test@1234
Rafi,Masey,Tours,Coordination,test@1234
Nisse,Graeber,Tours,Ressources-humaines,test@1234
Chery,Ringwood,Bordeaux,Ressources-humaines,test@1234
Marta,Sinclair,Bordeaux,Logistique,test@1234
Kayla,Willson,Tours,Direction,test@1234
Nikolaos,Aynscombe,Bordeaux,Direction,test@1234
Cordi,Rego,Bordeaux,Ressources-humaines,test@1234
Joline,Backshell,Bordeaux,Comptabilite,test@1234
Frannie,Papachristophorou,Tours,Direction,test@1234
Katie,Gabe,Tours,Service-informatique,test@1234
Finn,Pally,Bordeaux,Regies,test@1234
Corney,Camamill,Tours,Regies,test@1234
Frederic,Fawlo,Bordeaux,Coordination,test@1234
Natalie,Bazire,Tours,Comptabilite,test@1234
Anselma,Wilcott,Tours,Coordination,test@1234
Kermie,Pawlata,Bordeaux,Comptabilite,test@1234
Hodge,Choules,Tours,Comptabilite,test@1234
Jens,Surr,Tours,Ressources-humaines,test@1234
Tiffy,Flecknell,Tours,Ressources-humaines,test@1234
Isabelle,Kennett,Bordeaux,Direction,test@1234
Gerrie,Cheak,Bordeaux,Coordination,test@1234
Nada,Munnery,Bordeaux,Comptabilite,test@1234
Quint,Towey,Bordeaux,Service-informatique,test@1234
Rolf,Elderbrant,Bordeaux,Regies,test@1234
Jo,Nolleau,Tours,Comptabilite,test@1234
Hedvige,Hains,Bordeaux,Ressources-humaines,test@1234
Debor,Kinker,Bordeaux,Comptabilite,test@1234
Leopold,Swyne,Bordeaux,Regies,test@1234
Mickey,McNysche,Tours,Logistique,test@1234
Kikelia,Gaze,Tours,Direction,test@1234
Caralie,Stoneley,Tours,Coordination,test@1234
Kristo,Kilbourne,Tours,Ressources-humaines,test@1234
Trenna,Adolthine,Tours,Direction,test@1234
Zulema,Skewis,Bordeaux,Coordination,test@1234
Jackie,Davidovsky,Tours,Logistique,test@1234
Christye,Solomon,Tours,Logistique,test@1234
Rustin,Campa,Tours,Comptabilite,test@1234
Sapphira,Pursglove,Tours,Direction,test@1234
Meagan,Randall,Bordeaux,Direction,test@1234
Worthy,Crumpton,Bordeaux,Service-informatique,test@1234
Aloisia,Clyde,Tours,Ressources-humaines,test@1234
Murray,Denisevich,Tours,Comptabilite,test@1234
Holli,Fowler,Tours,Ressources-humaines,test@1234
Hyman,Barns,Tours,Ressources-humaines,test@1234
Antonio,Tamplin,Bordeaux,Ressources-humaines,test@1234
Karlis,Ronnay,Bordeaux,Service-informatique,test@1234
Amaleta,Zapatero,Tours,Service-informatique,test@1234
Adria,Matejovsky,Bordeaux,Service-informatique,test@1234
Shaine,Gant,Bordeaux,Coordination,test@1234
Dan,Sherebrooke,Tours,Coordination,test@1234
Lynnette,Snasdell,Bordeaux,Direction,test@1234
Thornie,Patroni,Bordeaux,Direction,test@1234
Odelle,Nickoll,Bordeaux,Coordination,test@1234
Angeline,Lergan,Tours,Ressources-humaines,test@1234
Lianna,Ghidelli,Tours,Logistique,test@1234
Georgie,Duffer,Tours,Coordination,test@1234
Tabbie,Casson,Bordeaux,Logistique,test@1234
Sheila-kathryn,Vassar,Bordeaux,Direction,test@1234
Aeriell,Oldaker,Bordeaux,Logistique,test@1234
Jemimah,Lilly,Bordeaux,Ressources-humaines,test@1234
Haslett,Bramont,Bordeaux,Service-informatique,test@1234
Carole,Skudder,Tours,Logistique,test@1234
Fairlie,Skrines,Tours,Regies,test@1234
Kate,Wolters,Tours,Direction,test@1234
Janice,Higgan,Bordeaux,Service-informatique,test@1234
Bent,Ingall,Tours,Comptabilite,test@1234
Vilhelmina,Rivenzon,Tours,Comptabilite,test@1234
Curtis,McVeighty,Bordeaux,Regies,test@1234
Carl,Bothen,Bordeaux,Service-informatique,test@1234
Ophelie,Etchell,Bordeaux,Regies,test@1234
Warren,Sergent,Tours,Service-informatique,test@1234
Sharlene,Corgenvin,Tours,Service-informatique,test@1234
Jodie,Moncreiff,Bordeaux,Logistique,test@1234
Madeleine,Ivey,Bordeaux,Logistique,test@1234
Hedwig,Barck,Tours,Ressources-humaines,test@1234
Filmore,Gimenez,Bordeaux,Ressources-humaines,test@1234
Siobhan,Ferguson,Tours,Ressources-humaines,test@1234
Yetty,Brailey,Tours,Ressources-humaines,test@1234
Claudius,Cape,Bordeaux,Ressources-humaines,test@1234
Cordey,Rammell,Tours,Service-informatique,test@1234
Stormie,Carlson,Bordeaux,Service-informatique,test@1234
Ricky,Kindley,Tours,Regies,test@1234
Murvyn,Kuhnwald,Tours,Direction,test@1234
Wallis,Rowberry,Tours,Direction,test@1234
Pacorro,Chisholm,Bordeaux,Ressources-humaines,test@1234
Tiffany,Lelievre,Tours,Service-informatique,test@1234
Rosetta,Glasgow,Bordeaux,Service-informatique,test@1234
Sibelle,Heatherington,Tours,Logistique,test@1234
Ransell,Rawne,Bordeaux,Regies,test@1234
Brina,McKeating,Bordeaux,Direction,test@1234
Darrick,Paolinelli,Tours,Service-informatique,test@1234
Garek,Gianulli,Bordeaux,Coordination,test@1234
Hiram,Bumpass,Bordeaux,Logistique,test@1234
Gayel,Qusklay,Bordeaux,Service-informatique,test@1234
Fairfax,Barneville,Bordeaux,Direction,test@1234
Hazlett,Wulfinger,Bordeaux,Regies,test@1234
Moritz,Bevans,Bordeaux,Coordination,test@1234
Letitia,Mahaffey,Tours,Regies,test@1234
Anica,Stare,Tours,Comptabilite,test@1234
Ellswerth,Van de Velde,Tours,Service-informatique,test@1234
Sigismond,Palfrey,Bordeaux,Service-informatique,test@1234
Pearle,Cuskery,Tours,Comptabilite,test@1234
Arlinda,Fideler,Bordeaux,Regies,test@1234
Palm,Boij,Tours,Regies,test@1234
Ingaberg,Karlsen,Tours,Direction,test@1234
Loralie,Ridgwell,Bordeaux,Ressources-humaines,test@1234
Elwyn,McKilroe,Tours,Comptabilite,test@1234
Wain,Cotter,Tours,Coordination,test@1234
Paule,MacUchadair,Tours,Regies,test@1234
Jessica,Work,Bordeaux,Coordination,test@1234
Clemmy,Sanchis,Tours,Ressources-humaines,test@1234
Amaleta,Heinecke,Bordeaux,Coordination,test@1234
Tiertza,Armer,Tours,Service-informatique,test@1234
Jewell,Clucas,Bordeaux,Direction,test@1234
Phillis,Parminter,Bordeaux,Direction,test@1234
Octavia,Rathbourne,Bordeaux,Regies,test@1234
Brittne,Leary,Tours,Logistique,test@1234
Nester,Challener,Bordeaux,Comptabilite,test@1234
Linnet,Handscombe,Tours,Logistique,test@1234
Alasdair,Seres,Bordeaux,Regies,test@1234
Nanice,Aartsen,Bordeaux,Comptabilite,test@1234
Iain,De Ortega,Bordeaux,Service-informatique,test@1234
Petey,Loble,Tours,Ressources-humaines,test@1234
Eddie,Ovize,Tours,Direction,test@1234
Charmion,Turmel,Bordeaux,Coordination,test@1234
Justinn,Mallinder,Tours,Logistique,test@1234
Kellina,Haacker,Bordeaux,Coordination,test@1234
Tamar,Moodie,Bordeaux,Direction,test@1234
Victoir,Canet,Bordeaux,Direction,test@1234
L;urette,McMeekin,Tours,Direction,test@1234
Alex,Chataignier,Tours,Logistique,test@1234
Bill,Parram,Tours,Comptabilite,test@1234
Hasty,Perton,Bordeaux,Ressources-humaines,test@1234
Ardine,Trematick,Bordeaux,Ressources-humaines,test@1234
Clerc,Barham,Tours,Comptabilite,test@1234
Merrick,Soal,Tours,Service-informatique,test@1234
Geralda,Piolli,Bordeaux,Regies,test@1234
Darrel,Harriday,Tours,Regies,test@1234
Evelina,Buffery,Bordeaux,Direction,test@1234
Wain,Janoschek,Tours,Logistique,test@1234
Antonina,Bowdon,Tours,Coordination,test@1234
Mirilla,Anan,Bordeaux,Direction,test@1234
Fleurette,Abrahamson,Tours,Logistique,test@1234
Sigfrid,Tooting,Bordeaux,Coordination,test@1234
Sisile,Capes,Tours,Direction,test@1234
Keven,Vallentin,Bordeaux,Logistique,test@1234
Elicia,Stenning,Bordeaux,Comptabilite,test@1234
Maiga,Babonau,Tours,Service-informatique,test@1234
Mariel,Keslake,Tours,Regies,test@1234
Sharl,Wycliffe,Tours,Comptabilite,test@1234
Etta,Jepp,Bordeaux,Logistique,test@1234
Witty,Gunson,Bordeaux,Ressources-humaines,test@1234
Lynna,Greason,Bordeaux,Regies,test@1234
Kylie,Balassa,Bordeaux,Comptabilite,test@1234
Nerte,Sainthill,Tours,Regies,test@1234
Cristin,Pandie,Bordeaux,Coordination,test@1234
Desmund,Porcas,Bordeaux,Ressources-humaines,test@1234
Asa,Rosnau,Bordeaux,Logistique,test@1234
Denys,Greguoli,Tours,Direction,test@1234
Sandy,Korfmann,Bordeaux,Service-informatique,test@1234
Roy,Parncutt,Bordeaux,Direction,test@1234
Dukie,Lyenyng,Bordeaux,Logistique,test@1234
Haleigh,Pottage,Tours,Direction,test@1234
Deanne,Arnauduc,Tours,Coordination,test@1234
Rafaelita,Tomaskunas,Tours,Direction,test@1234
Frank,Gherardini,Bordeaux,Coordination,test@1234
Burk,Camblin,Bordeaux,Regies,test@1234
Viviyan,Kohrs,Bordeaux,Coordination,test@1234
Wendie,Cannings,Bordeaux,Regies,test@1234
Hedda,Blight,Tours,Regies,test@1234
Vere,Frangello,Tours,Ressources-humaines,test@1234
Beverly,Alastair,Bordeaux,Service-informatique,test@1234
Christin,McCurrie,Tours,Regies,test@1234
Chan,Dienes,Bordeaux,Comptabilite,test@1234
Kelli,Huot,Tours,Comptabilite,test@1234
Adora,Meegin,Bordeaux,Service-informatique,test@1234
Fairlie,Vayne,Tours,Logistique,test@1234
Alissa,Hembery,Tours,Logistique,test@1234
Shanda,Bowers,Bordeaux,Coordination,test@1234
Rodolfo,Oakwell,Tours,Regies,test@1234
Garvin,Maffezzoli,Tours,Comptabilite,test@1234
Lissie,Kilroy,Bordeaux,Regies,test@1234
Sullivan,Holworth,Tours,Comptabilite,test@1234
Taylor,Matas,Tours,Coordination,test@1234
Jonathon,Robbie,Tours,Regies,test@1234
Bryan,Sember,Bordeaux,Regies,test@1234
Erda,Shouler,Bordeaux,Ressources-humaines,test@1234
Forrest,Trownson,Bordeaux,Direction,test@1234
Piotr,Battleson,Bordeaux,Coordination,test@1234
Tore,Steenson,Tours,Coordination,test@1234
Loria,Prover,Tours,Direction,test@1234
Alanson,Donn,Tours,Logistique,test@1234
Jermain,Danilewicz,Bordeaux,Direction,test@1234
Buddie,Nunan,Tours,Regies,test@1234
Wye,Lejeune,Bordeaux,Comptabilite,test@1234
Rica,Flintiff,Tours,Comptabilite,test@1234
Reine,Jeayes,Tours,Coordination,test@1234
Far,Savoury,Bordeaux,Ressources-humaines,test@1234
Dorian,Eddleston,Bordeaux,Ressources-humaines,test@1234
Carlie,Demageard,Bordeaux,Coordination,test@1234
Cullen,Conigsby,Bordeaux,Direction,test@1234
Alisun,Landsborough,Tours,Service-informatique,test@1234
Ralina,Corington,Bordeaux,Direction,test@1234
Dale,Hallowell,Bordeaux,Comptabilite,test@1234
Chrystal,Kittow,Bordeaux,Logistique,test@1234
Cord,Pitherick,Tours,Direction,test@1234
Nobe,MacShirie,Tours,Direction,test@1234
Vania,Readie,Bordeaux,Ressources-humaines,test@1234
Kaleb,Witty,Tours,Comptabilite,test@1234
Des,Halgarth,Tours,Regies,test@1234
Jorge,Whitcombe,Bordeaux,Direction,test@1234
Claus,Kloster,Tours,Comptabilite,test@1234
Zachery,Mcsarry,Bordeaux,Coordination,test@1234
Timmi,Carnegie,Bordeaux,Regies,test@1234
Jaymee,Moseby,Bordeaux,Comptabilite,test@1234
Keene,Chinge de Hals,Tours,Logistique,test@1234
Jenni,Kinnard,Tours,Ressources-humaines,test@1234
Cordie,Altofts,Tours,Ressources-humaines,test@1234
Cy,Goymer,Bordeaux,Logistique,test@1234
Freemon,Tidcomb,Tours,Direction,test@1234
Rem,Yelland,Tours,Ressources-humaines,test@1234
Cole,Blodg,Tours,Coordination,test@1234
Ailbert,Hordell,Bordeaux,Ressources-humaines,test@1234
Janie,Portsmouth,Bordeaux,Coordination,test@1234
Maighdiln,Proctor,Tours,Direction,test@1234
Cariotta,Pentony,Tours,Coordination,test@1234
Frankie,Cowan,Bordeaux,Coordination,test@1234
Angy,Buckland,Tours,Regies,test@1234
Jeane,Breedy,Tours,Comptabilite,test@1234
Patricia,Holworth,Bordeaux,Ressources-humaines,test@1234
Daniele,Rosario,Tours,Regies,test@1234
Seumas,Brolly,Tours,Service-informatique,test@1234
Andi,Groundwator,Tours,Direction,test@1234
Jocko,Pitsall,Bordeaux,Logistique,test@1234
Josh,Aronsohn,Bordeaux,Regies,test@1234
Lory,Petersen,Tours,Regies,test@1234
Dani,Veasey,Tours,Regies,test@1234
Suellen,Dufaire,Bordeaux,Coordination,test@1234
Rycca,Toler,Tours,Direction,test@1234
Roderich,Featherstonhaugh,Bordeaux,Logistique,test@1234
Cami,Marrison,Bordeaux,Comptabilite,test@1234
Britta,Gercke,Bordeaux,Service-informatique,test@1234
Bess,Gogan,Bordeaux,Logistique,test@1234
Midge,Roan,Bordeaux,Ressources-humaines,test@1234
Linnie,De Carolis,Tours,Coordination,test@1234
Sylvester,Presdie,Bordeaux,Service-informatique,test@1234
Trescha,Kenset,Tours,Ressources-humaines,test@1234
Peri,Redmayne,Bordeaux,Logistique,test@1234
Alvy,Tiery,Tours,Regies,test@1234
Corbett,Mityakov,Tours,Direction,test@1234
Gal,Auchterlony,Tours,Ressources-humaines,test@1234
Leonore,Rolance,Tours,Ressources-humaines,test@1234
Suzi,Besantie,Bordeaux,Direction,test@1234
Wenonah,Fucher,Tours,Regies,test@1234
Janene,Cornillot,Bordeaux,Ressources-humaines,test@1234
Devy,Gerbel,Tours,Coordination,test@1234
Mariya,Simons,Tours,Logistique,test@1234
Edithe,Creffeild,Tours,Comptabilite,test@1234
Jasmina,Lidgett,Tours,Comptabilite,test@1234
Alameda,Wraxall,Bordeaux,Ressources-humaines,test@1234
Daven,Theyer,Tours,Logistique,test@1234
Reggis,Doey,Tours,Regies,test@1234
Muire,Burg,Tours,Logistique,test@1234
Thaddus,Beaston,Tours,Coordination,test@1234
Fancie,Rollason,Bordeaux,Ressources-humaines,test@1234
West,Gullivent,Tours,Regies,test@1234
Vitia,Flannigan,Tours,Ressources-humaines,test@1234
Elyn,Winton,Tours,Coordination,test@1234
Barbie,Fronczak,Bordeaux,Coordination,test@1234
Gaelan,Cabotto,Bordeaux,Coordination,test@1234
Maureene,Raveau,Tours,Logistique,test@1234
Alaster,Rooney,Bordeaux,Service-informatique,test@1234
Mada,Baldry,Tours,Direction,test@1234
Dorothea,Algeo,Tours,Service-informatique,test@1234
Alexandro,Twelvetree,Tours,Coordination,test@1234
Anette,Lyngsted,Tours,Service-informatique,test@1234
Agnella,Tinmouth,Bordeaux,Comptabilite,test@1234
Marcello,Kitcatt,Bordeaux,Ressources-humaines,test@1234
Leyla,Jodlkowski,Bordeaux,Service-informatique,test@1234
Arlyne,Bleiman,Bordeaux,Ressources-humaines,test@1234
Aleda,Lount,Tours,Direction,test@1234
Alleyn,Klaessen,Tours,Service-informatique,test@1234
Elfie,Brozek,Bordeaux,Logistique,test@1234
Colby,Trenbey,Bordeaux,Direction,test@1234
Lucky,Hayford,Bordeaux,Service-informatique,test@1234
Trish,Gwinnel,Tours,Service-informatique,test@1234
Fredric,Basten,Bordeaux,Coordination,test@1234
Michaela,De Bruijn,Bordeaux,Comptabilite,test@1234
Sidonia,Dymott,Tours,Comptabilite,test@1234
Allie,Waldera,Bordeaux,Coordination,test@1234
Koral,Pervew,Tours,Service-informatique,test@1234
Dean,Wild,Tours,Regies,test@1234
Elke,Sibbert,Tours,Direction,test@1234
Ruth,Braidman,Bordeaux,Comptabilite,test@1234
Margit,Lowbridge,Tours,Coordination,test@1234
Hally,Kennaird,Bordeaux,Coordination,test@1234
Gil,Gymlett,Tours,Ressources-humaines,test@1234
Avram,Bispo,Bordeaux,Direction,test@1234
Elfreda,Mendel,Bordeaux,Regies,test@1234
Ferdinande,Maior,Bordeaux,Direction,test@1234
Liana,Kirstein,Bordeaux,Direction,test@1234
Robenia,Horlick,Tours,Service-informatique,test@1234
Karlis,Gotts,Bordeaux,Direction,test@1234
Greggory,Burgum,Tours,Comptabilite,test@1234
Larine,Ram,Bordeaux,Direction,test@1234
Krystle,Straw,Tours,Logistique,test@1234
Adan,Baggs,Bordeaux,Regies,test@1234
Paquito,Shiel,Tours,Coordination,test@1234
Vivie,Handscomb,Bordeaux,Logistique,test@1234
Charil,Hovee,Tours,Ressources-humaines,test@1234
Ula,Montel,Bordeaux,Direction,test@1234
Bryant,Cavy,Bordeaux,Logistique,test@1234
Lorena,Biddwell,Tours,Service-informatique,test@1234
Lorrie,Lathan,Tours,Coordination,test@1234
Boonie,Moberley,Tours,Logistique,test@1234
Bennie,Bende,Bordeaux,Comptabilite,test@1234
Anita,Pinsent,Bordeaux,Service-informatique,test@1234
Mickie,Lerer,Tours,Ressources-humaines,test@1234
Dorie,Rival,Tours,Direction,test@1234
Vale,Boxill,Bordeaux,Service-informatique,test@1234
Cleve,Vauls,Bordeaux,Ressources-humaines,test@1234
Reiko,Jordanson,Tours,Direction,test@1234
Reidar,Montford,Bordeaux,Service-informatique,test@1234
Budd,Beavis,Tours,Direction,test@1234
Jodi,Alberts,Tours,Coordination,test@1234
Sallee,Shawdforth,Tours,Logistique,test@1234
Darill,Inett,Bordeaux,Service-informatique,test@1234
Cassius,Poff,Bordeaux,Coordination,test@1234
Isidro,Rainon,Tours,Ressources-humaines,test@1234
Ellis,Ezzle,Tours,Ressources-humaines,test@1234
Adair,Sandon,Bordeaux,Comptabilite,test@1234
Cindee,Skeels,Tours,Comptabilite,test@1234
Lorry,Nellis,Bordeaux,Ressources-humaines,test@1234
Luci,Spencelayh,Tours,Comptabilite,test@1234
Carley,Mullaly,Bordeaux,Ressources-humaines,test@1234
Bernie,Whittet,Tours,Ressources-humaines,test@1234
Dawna,Fearnsides,Bordeaux,Regies,test@1234
Cole,Crosen,Bordeaux,Direction,test@1234
Regina,Scutter,Bordeaux,Service-informatique,test@1234
Kerwin,Hatliff,Bordeaux,Logistique,test@1234
Nanice,Wortley,Bordeaux,Regies,test@1234
Ebenezer,Grenshiels,Bordeaux,Direction,test@1234
Michail,Flintoffe,Tours,Service-informatique,test@1234
Shayne,Laite,Bordeaux,Service-informatique,test@1234
Reg,Dawks,Bordeaux,Logistique,test@1234
Meredeth,Daw,Bordeaux,Logistique,test@1234
Celie,Amys,Tours,Direction,test@1234
Chadd,Lagde,Bordeaux,Service-informatique,test@1234
Cecilia,Atherton,Bordeaux,Logistique,test@1234
Chic,Hawthorne,Bordeaux,Comptabilite,test@1234
Stanton,Sabben,Bordeaux,Coordination,test@1234
Courtney,Shewery,Bordeaux,Comptabilite,test@1234
Marybeth,Cuskery,Bordeaux,Service-informatique,test@1234
Creighton,Tinklin,Bordeaux,Service-informatique,test@1234
Dacie,Rodrigues,Bordeaux,Regies,test@1234
Darb,Cready,Bordeaux,Coordination,test@1234
Rock,Mattersey,Bordeaux,Service-informatique,test@1234
Lind,Fahrenbach,Tours,Direction,test@1234
Bronnie,MacKnight,Bordeaux,Comptabilite,test@1234
Claudette,Sneezum,Bordeaux,Direction,test@1234
Frasquito,Malinowski,Bordeaux,Direction,test@1234
Bethina,Sawyers,Bordeaux,Regies,test@1234
Joelynn,Cramp,Tours,Logistique,test@1234
Heddi,Cabrera,Bordeaux,Comptabilite,test@1234
Dale,Fust,Tours,Service-informatique,test@1234
Giff,Scapens,Tours,Service-informatique,test@1234
Leonard,Glavin,Bordeaux,Logistique,test@1234
Elset,Wynrahame,Bordeaux,Logistique,test@1234
Tristam,Abramovic,Bordeaux,Comptabilite,test@1234
Catrina,Colcutt,Tours,Ressources-humaines,test@1234
Aylmer,Nealy,Tours,Ressources-humaines,test@1234
Carolina,Brambell,Bordeaux,Ressources-humaines,test@1234
Sherry,Relfe,Tours,Direction,test@1234
Flin,Itzhaki,Tours,Logistique,test@1234
Brina,Brager,Bordeaux,Regies,test@1234
Brit,O'Dowd,Tours,Regies,test@1234
Elston,Goreisr,Bordeaux,Service-informatique,test@1234
Luce,Shera,Bordeaux,Direction,test@1234
Rochell,Jaimez,Bordeaux,Comptabilite,test@1234
Rinaldo,Eastmead,Tours,Comptabilite,test@1234
Karlee,Stockell,Bordeaux,Direction,test@1234
Nobie,Aylward,Bordeaux,Service-informatique,test@1234
Brent,Affron,Bordeaux,Regies,test@1234
Danika,Trusler,Bordeaux,Direction,test@1234
Cicily,Hickford,Tours,Direction,test@1234
Toby,Svanini,Tours,Comptabilite,test@1234
Dulciana,Vales,Bordeaux,Regies,test@1234
Lyell,Langer,Tours,Service-informatique,test@1234
Leonie,Snoding,Bordeaux,Direction,test@1234
Bobbee,Beston,Bordeaux,Service-informatique,test@1234
Denise,Peto,Tours,Comptabilite,test@1234
Filia,Alison,Bordeaux,Direction,test@1234
Devin,Grollmann,Bordeaux,Logistique,test@1234
Lebbie,Linforth,Bordeaux,Comptabilite,test@1234
Olga,Leyburn,Tours,Service-informatique,test@1234
Tris,Losano,Bordeaux,Service-informatique,test@1234
Papageno,Filyakov,Bordeaux,Ressources-humaines,test@1234
Davey,Izzatt,Bordeaux,Logistique,test@1234
Gay,Chittenden,Bordeaux,Comptabilite,test@1234
Bobinette,Marty,Bordeaux,Comptabilite,test@1234
Bobbie,Brunsden,Tours,Service-informatique,test@1234
Jacklyn,Benitti,Tours,Logistique,test@1234
Zachariah,McRonald,Tours,Coordination,test@1234
Aksel,Westhoff,Bordeaux,Regies,test@1234
Delores,Chappell,Bordeaux,Service-informatique,test@1234
Klemens,Bacher,Bordeaux,Ressources-humaines,test@1234
Mathilde,Robberts,Tours,Coordination,test@1234
Phaidra,Guymer,Tours,Coordination,test@1234
Redford,Champain,Bordeaux,Service-informatique,test@1234
Ludovico,Sidebotham,Bordeaux,Regies,test@1234
Tore,Oven,Tours,Coordination,test@1234
Viviyan,Sabatier,Bordeaux,Direction,test@1234
Ulysses,Muslim,Tours,Service-informatique,test@1234
Crystie,Lapthorn,Bordeaux,Direction,test@1234
Bordy,Simka,Bordeaux,Coordination,test@1234
Allys,Pankhurst.,Bordeaux,Service-informatique,test@1234
Vladimir,Kitchingman,Bordeaux,Coordination,test@1234
Xylia,Coslett,Tours,Service-informatique,test@1234
Elladine,Kilkenny,Tours,Coordination,test@1234
Gertrude,Songhurst,Tours,Logistique,test@1234
Halimeda,Piris,Tours,Coordination,test@1234
Codi,Crayke,Bordeaux,Direction,test@1234
Darryl,Leney,Bordeaux,Ressources-humaines,test@1234
Sharona,Cottu,Bordeaux,Direction,test@1234
Kyle,Ridoutt,Tours,Service-informatique,test@1234
Pia,Kubasiewicz,Bordeaux,Comptabilite,test@1234
Sheena,Snary,Bordeaux,Ressources-humaines,test@1234
Lucais,Ingman,Tours,Service-informatique,test@1234
Fidelity,Boken,Tours,Comptabilite,test@1234
Brooke,Sawers,Bordeaux,Regies,test@1234
Udale,Jakuszewski,Bordeaux,Regies,test@1234
Edna,Rhys,Tours,Comptabilite,test@1234
Nelie,Hopewell,Bordeaux,Ressources-humaines,test@1234
Olive,Oldis,Tours,Ressources-humaines,test@1234
Fawne,Agneau,Bordeaux,Comptabilite,test@1234
Merrill,Ary,Tours,Ressources-humaines,test@1234
Kerry,Delph,Bordeaux,Regies,test@1234
Darelle,Vsanelli,Tours,Comptabilite,test@1234
Kara-lynn,Briance,Bordeaux,Service-informatique,test@1234
Erich,Saura,Tours,Regies,test@1234
Rodger,Rainforth,Bordeaux,Direction,test@1234
Maurise,Turvie,Bordeaux,Service-informatique,test@1234
Waiter,Morshead,Bordeaux,Comptabilite,test@1234
Margalo,Sexton,Tours,Direction,test@1234
Dillon,Hardbattle,Bordeaux,Comptabilite,test@1234
Tiffani,Ovanesian,Bordeaux,Direction,test@1234
Ardine,Vaune,Bordeaux,Service-informatique,test@1234
Patrizius,Blue,Tours,Coordination,test@1234
Guthry,Tadman,Tours,Coordination,test@1234
Avivah,Oulett,Bordeaux,Regies,test@1234
Ferris,Brettelle,Bordeaux,Logistique,test@1234
Dean,Boribal,Bordeaux,Service-informatique,test@1234
Kaila,Deelay,Bordeaux,Ressources-humaines,test@1234
Elnar,Wild,Tours,Coordination,test@1234
Alonzo,Bodycote,Tours,Direction,test@1234
Siouxie,Folger,Tours,Comptabilite,test@1234
Monte,Stamp,Bordeaux,Coordination,test@1234
Micah,Croxton,Bordeaux,Service-informatique,test@1234
Tobey,Livingston,Tours,Comptabilite,test@1234
Tab,Branno,Bordeaux,Regies,test@1234
Clemence,Hellen,Tours,Service-informatique,test@1234
Rolph,McLaughlan,Tours,Logistique,test@1234
Grayce,Hounsham,Tours,Ressources-humaines,test@1234
Mac,Chalker,Tours,Logistique,test@1234
Carmita,Morfey,Tours,Logistique,test@1234
Bartolomeo,Balfour,Tours,Comptabilite,test@1234
Dorine,Ellsom,Tours,Service-informatique,test@1234
Franklin,Lyst,Tours,Ressources-humaines,test@1234
Darrell,Hatchell,Bordeaux,Direction,test@1234
Gregg,Greedyer,Bordeaux,Comptabilite,test@1234
Lanni,Daltry,Bordeaux,Service-informatique,test@1234
Prentiss,Wyse,Bordeaux,Comptabilite,test@1234
Lisha,Webland,Bordeaux,Ressources-humaines,test@1234
Berti,Sunshine,Tours,Coordination,test@1234
Odella,Godley,Tours,Logistique,test@1234
Roxanne,Dearman,Bordeaux,Comptabilite,test@1234
Mia,Chaters,Bordeaux,Coordination,test@1234
Cicely,Gauden,Bordeaux,Ressources-humaines,test@1234
Lanna,Grimsdell,Tours,Ressources-humaines,test@1234
Erroll,Carleton,Bordeaux,Direction,test@1234
Elsie,Whybrow,Bordeaux,Comptabilite,test@1234
Sonnnie,Cobbledick,Tours,Comptabilite,test@1234
Ame,Bolan,Bordeaux,Coordination,test@1234
Redd,Birdsey,Tours,Logistique,test@1234
Lucilia,MacGillivrie,Tours,Ressources-humaines,test@1234
Deane,Daughton,Tours,Ressources-humaines,test@1234
Cate,Howat,Bordeaux,Logistique,test@1234
Karlee,Pinar,Tours,Regies,test@1234
Charla,Domnick,Tours,Coordination,test@1234
Hadley,Jinkins,Tours,Direction,test@1234
Bernadene,Noblett,Bordeaux,Service-informatique,test@1234
Missie,Planks,Bordeaux,Coordination,test@1234
Irv,Boecke,Bordeaux,Regies,test@1234
Britt,Paxton,Bordeaux,Coordination,test@1234
Silas,Monier,Tours,Logistique,test@1234
Pacorro,Kear,Bordeaux,Coordination,test@1234
Abbott,Guyers,Tours,Ressources-humaines,test@1234
Zia,Main,Bordeaux,Service-informatique,test@1234
Crawford,Seefus,Tours,Service-informatique,test@1234
Cchaddie,Auchinleck,Tours,Regies,test@1234
Madelon,Skurm,Tours,Coordination,test@1234
Matty,Eisold,Bordeaux,Service-informatique,test@1234
Selie,Jaher,Bordeaux,Service-informatique,test@1234
Kristofor,Pessolt,Tours,Service-informatique,test@1234
Raimondo,Bridson,Tours,Comptabilite,test@1234
Christophe,McCumesky,Bordeaux,Ressources-humaines,test@1234
Wesley,Lowndes,Bordeaux,Ressources-humaines,test@1234
Byran,Mellanby,Tours,Regies,test@1234
Corabelle,Beecham,Tours,Direction,test@1234
Ethyl,Bootton,Bordeaux,Regies,test@1234
Corby,Daulby,Bordeaux,Direction,test@1234
Karia,Grishenkov,Bordeaux,Ressources-humaines,test@1234
Wit,Fegan,Tours,Direction,test@1234
Meaghan,Prime,Tours,Logistique,test@1234
Adelaide,Cancellieri,Bordeaux,Logistique,test@1234
Herrick,Sarah,Bordeaux,Direction,test@1234
Stinky,Wyborn,Tours,Comptabilite,test@1234
Claudina,Balm,Tours,Comptabilite,test@1234
Bard,Doggett,Tours,Ressources-humaines,test@1234
Felike,Peiser,Bordeaux,Logistique,test@1234
Emanuele,Charteris,Bordeaux,Regies,test@1234
Gayleen,Rennebeck,Tours,Regies,test@1234
Adena,Cicullo,Bordeaux,Regies,test@1234
Dory,Cottis,Tours,Ressources-humaines,test@1234
Kiah,Simoncello,Bordeaux,Logistique,test@1234
Lloyd,Labbett,Bordeaux,Direction,test@1234
Maurita,Schechter,Tours,Ressources-humaines,test@1234
Elset,Mackney,Tours,Coordination,test@1234
Oriana,Hoston,Bordeaux,Regies,test@1234
Alfonso,Hundley,Bordeaux,Logistique,test@1234
Homere,Seid,Tours,Coordination,test@1234
Gladi,Scini,Bordeaux,Service-informatique,test@1234
Kirsten,Strangeway,Tours,Ressources-humaines,test@1234
Jeri,Seiter,Tours,Regies,test@1234
Nester,Bullant,Bordeaux,Regies,test@1234
Randa,Cayser,Tours,Service-informatique,test@1234
Kessiah,Dishmon,Tours,Logistique,test@1234
Brandy,Coombe,Tours,Logistique,test@1234
Valeda,Douce,Bordeaux,Coordination,test@1234
Anallese,Muckley,Tours,Regies,test@1234
Chick,McFadyen,Bordeaux,Regies,test@1234
Adolphe,Gayforth,Tours,Coordination,test@1234
Kyle,Broadbridge,Tours,Regies,test@1234
Rafaelia,Mechi,Tours,Ressources-humaines,test@1234
Rudiger,Handrock,Tours,Coordination,test@1234
Emelda,Klisch,Bordeaux,Regies,test@1234
Theadora,Blaver,Bordeaux,Ressources-humaines,test@1234
Melisent,O'Heaney,Bordeaux,Regies,test@1234
Latia,Iverson,Bordeaux,Regies,test@1234
Jesse,Hadgraft,Tours,Ressources-humaines,test@1234
Kelley,Mighele,Tours,Direction,test@1234
Jere,Henbury,Tours,Comptabilite,test@1234
Weston,Ebbin,Tours,Ressources-humaines,test@1234
Aubrette,Harburtson,Tours,Service-informatique,test@1234
Bobby,Kyme,Bordeaux,Regies,test@1234
Hill,Pawling,Tours,Ressources-humaines,test@1234
Halsy,Whayman,Bordeaux,Coordination,test@1234
Eward,Ventum,Tours,Coordination,test@1234
Jeane,Whiterod,Bordeaux,Service-informatique,test@1234
Marlo,Leith-Harvey,Bordeaux,Direction,test@1234
Freemon,Shales,Bordeaux,Service-informatique,test@1234
Karia,Maybury,Bordeaux,Comptabilite,test@1234
Zebedee,Gooderick,Bordeaux,Ressources-humaines,test@1234
Galvin,Egginson,Tours,Ressources-humaines,test@1234
Felice,Hutchinges,Tours,Ressources-humaines,test@1234
Orel,Wybrow,Bordeaux,Direction,test@1234
Grethel,Giacoboni,Tours,Service-informatique,test@1234
Anna-maria,Pindar,Bordeaux,Regies,test@1234
Tina,Ashment,Tours,Logistique,test@1234
Claudell,Mainstone,Bordeaux,Service-informatique,test@1234
Bink,Aylen,Tours,Coordination,test@1234
Reginald,Vere,Tours,Direction,test@1234
Cristi,Pagram,Bordeaux,Logistique,test@1234
Velma,Rantoul,Tours,Comptabilite,test@1234
Orsola,Bartels-Ellis,Tours,Direction,test@1234
Lorine,Brayshaw,Tours,Regies,test@1234
Allison,Richten,Bordeaux,Ressources-humaines,test@1234
Vania,Earthfield,Bordeaux,Logistique,test@1234
Brennen,Mogenot,Tours,Coordination,test@1234
Melisenda,Nisby,Tours,Regies,test@1234
Hattie,Reap,Bordeaux,Coordination,test@1234
Rocky,Widdicombe,Tours,Logistique,test@1234
Gil,Crudginton,Bordeaux,Regies,test@1234
Izabel,Rodwell,Tours,Regies,test@1234
Rozalin,Barton,Tours,Regies,test@1234
Jemimah,Colpus,Tours,Ressources-humaines,test@1234
Kati,Maeer,Bordeaux,Service-informatique,test@1234
Horten,Lorans,Bordeaux,Regies,test@1234
Clea,Haselden,Bordeaux,Coordination,test@1234
Georgianna,Waterworth,Bordeaux,Regies,test@1234
Mohammed,Sproul,Bordeaux,Ressources-humaines,test@1234
Garrik,Byers,Bordeaux,Regies,test@1234
Sherline,Hopkynson,Tours,Direction,test@1234
Emelda,Brimley,Bordeaux,Logistique,test@1234
Deena,Ashard,Tours,Direction,test@1234
Reeta,Tidcombe,Tours,Service-informatique,test@1234
Marj,Shailer,Tours,Regies,test@1234
Constantin,Neicho,Bordeaux,Comptabilite,test@1234
Otis,Antonoczyk,Tours,Comptabilite,test@1234
Bernice,Mervyn,Bordeaux,Direction,test@1234
Ludvig,Gagie,Tours,Logistique,test@1234
Birgitta,Van Dijk,Tours,Coordination,test@1234
Maryrose,Wix,Tours,Logistique,test@1234
Barty,Van Son,Bordeaux,Logistique,test@1234
Jillayne,Greatbanks,Tours,Direction,test@1234
Cecile,Endecott,Tours,Ressources-humaines,test@1234
Amity,Sansam,Tours,Direction,test@1234
Bernetta,Balharry,Bordeaux,Direction,test@1234
Norean,Outlaw,Tours,Coordination,test@1234
Hurley,Wallett,Bordeaux,Service-informatique,test@1234
Zonnya,Copeland,Tours,Logistique,test@1234
Josephine,Boner,Tours,Comptabilite,test@1234
Zaria,Camings,Bordeaux,Direction,test@1234
Harmonia,Duffield,Bordeaux,Comptabilite,test@1234
Tristan,Petrichat,Tours,Service-informatique,test@1234
Stirling,Tansill,Bordeaux,Direction,test@1234
Obie,Pimlett,Bordeaux,Direction,test@1234
Harris,McLugish,Tours,Coordination,test@1234
Dalia,Ciccarello,Bordeaux,Logistique,test@1234
Deeyn,Gallatly,Bordeaux,Coordination,test@1234
Rivi,Philippart,Tours,Service-informatique,test@1234
Gwynne,Braunds,Tours,Ressources-humaines,test@1234
Stinky,Goodship,Tours,Direction,test@1234
Huntlee,Nulty,Tours,Service-informatique,test@1234
Glyn,Cockerham,Tours,Ressources-humaines,test@1234
Mohandas,Yele,Tours,Logistique,test@1234
Tynan,Revans,Bordeaux,Comptabilite,test@1234
Olga,Kenealy,Bordeaux,Logistique,test@1234
Wyatan,Bleacher,Bordeaux,Coordination,test@1234
Meghann,Plascott,Tours,Regies,test@1234
Evey,Jurick,Bordeaux,Regies,test@1234
Elene,Hawick,Tours,Ressources-humaines,test@1234
Walker,Dore,Bordeaux,Service-informatique,test@1234
Vonni,Rabb,Bordeaux,Ressources-humaines,test@1234
Gerianne,Hendriks,Tours,Service-informatique,test@1234
Gregorio,Cran,Tours,Ressources-humaines,test@1234
Margi,Soigoux,Tours,Regies,test@1234
Kelbee,Lebarree,Tours,Ressources-humaines,test@1234
Colman,Romand,Bordeaux,Coordination,test@1234
Brendon,Miner,Tours,Logistique,test@1234
Alasdair,Swendell,Bordeaux,Ressources-humaines,test@1234
Reidar,Blinckhorne,Bordeaux,Comptabilite,test@1234
Meggie,Keane,Tours,Service-informatique,test@1234
Lionel,Wemes,Tours,Direction,test@1234
Tine,Gowenlock,Bordeaux,Coordination,test@1234
Graig,Meadmore,Tours,Comptabilite,test@1234
Mayne,Tarbath,Tours,Direction,test@1234
Koralle,Maillard,Tours,Logistique,test@1234
Wyn,Schiefersten,Tours,Coordination,test@1234
Isak,Caulwell,Tours,Direction,test@1234
Jennine,Potell,Tours,Regies,test@1234
Aprilette,Quilkin,Bordeaux,Service-informatique,test@1234
Lothaire,Kille,Tours,Ressources-humaines,test@1234
Myer,Jan,Tours,Comptabilite,test@1234
Kristin,Suatt,Tours,Direction,test@1234
Dasi,Lovelock,Bordeaux,Ressources-humaines,test@1234
Alanah,Antwis,Tours,Regies,test@1234
Merrilee,Birt,Tours,Logistique,test@1234
Joseph,Rundall,Bordeaux,Direction,test@1234
Lizbeth,Artist,Tours,Logistique,test@1234
Mora,Royal,Tours,Service-informatique,test@1234
Evonne,Moorhead,Tours,Ressources-humaines,test@1234
Bernetta,Rampley,Bordeaux,Direction,test@1234
Lorelle,Kneaphsey,Bordeaux,Direction,test@1234
Clerkclaude,Glader,Tours,Service-informatique,test@1234
Kenna,Jacke,Tours,Comptabilite,test@1234
Riki,Baswall,Bordeaux,Ressources-humaines,test@1234
Cordie,Hollindale,Bordeaux,Ressources-humaines,test@1234
Hadlee,Ludgate,Bordeaux,Coordination,test@1234
Noelani,Govey,Bordeaux,Logistique,test@1234
Dale,Flecknell,Bordeaux,Ressources-humaines,test@1234
Ealasaid,Butt Gow,Tours,Direction,test@1234
Minni,Ormerod,Tours,Regies,test@1234
Gawain,Shewon,Tours,Coordination,test@1234
Hewett,Wylder,Tours,Regies,test@1234
Townsend,Rousby,Tours,Service-informatique,test@1234
Sherill,Chark,Tours,Comptabilite,test@1234
Loella,Brewins,Bordeaux,Ressources-humaines,test@1234
Rozalie,Lunam,Tours,Service-informatique,test@1234
Brandise,O'Cannan,Tours,Ressources-humaines,test@1234
Vivia,Goldine,Bordeaux,Direction,test@1234
Daniela,Micheau,Bordeaux,Ressources-humaines,test@1234
Bobbie,Tomicki,Tours,Regies,test@1234
Ewell,Abelovitz,Bordeaux,Logistique,test@1234
Hermia,Domerq,Tours,Comptabilite,test@1234
Philipa,Gocher,Bordeaux,Ressources-humaines,test@1234
Magnum,Kingzett,Bordeaux,Logistique,test@1234
Ephrayim,Boatright,Tours,Comptabilite,test@1234
Warren,Vigar,Tours,Logistique,test@1234
Kiersten,Freshwater,Bordeaux,Ressources-humaines,test@1234
Corbie,Benyon,Tours,Regies,test@1234
Yvonne,Weepers,Tours,Comptabilite,test@1234
Meghann,Andrini,Tours,Service-informatique,test@1234
Sidoney,De Brett,Bordeaux,Regies,test@1234
Bambi,Stanyer,Tours,Regies,test@1234
Adrienne,Caslin,Bordeaux,Comptabilite,test@1234
Philippe,Bourne,Tours,Coordination,test@1234
Diane,Vaszoly,Bordeaux,Regies,test@1234
Elane,Reilingen,Tours,Regies,test@1234
Bartolomeo,Laird-Craig,Tours,Logistique,test@1234
Lyn,Brickham,Tours,Coordination,test@1234
Gates,Sancias,Tours,Coordination,test@1234
Ingeborg,Kyle,Bordeaux,Coordination,test@1234
Elissa,Spittle,Tours,Comptabilite,test@1234
Hadlee,Yakovich,Bordeaux,Logistique,test@1234
Adelice,Dennidge,Bordeaux,Regies,test@1234
Peggi,Edmonds,Bordeaux,Ressources-humaines,test@1234
Markos,Jobern,Tours,Comptabilite,test@1234
Marcia,Wisbey,Bordeaux,Comptabilite,test@1234
Steffane,Auston,Bordeaux,Direction,test@1234
Maynard,Curtain,Tours,Service-informatique,test@1234
Marlow,Jacobssen,Bordeaux,Regies,test@1234
Flss,Puvia,Tours,Direction,test@1234
Arleta,Pretious,Tours,Coordination,test@1234
Stanislaw,Winspear,Tours,Regies,test@1234
Kaine,Bartolomieu,Tours,Ressources-humaines,test@1234
Kizzee,Fogt,Bordeaux,Comptabilite,test@1234
Tresa,Izaac,Tours,Ressources-humaines,test@1234
Bobette,MacMeanma,Tours,Logistique,test@1234
Gavin,Yurukhin,Bordeaux,Regies,test@1234
Etty,Pendergrast,Tours,Comptabilite,test@1234
Yuri,Levens,Bordeaux,Direction,test@1234
Yolanda,Knowlson,Bordeaux,Direction,test@1234
Kristoffer,Greggs,Tours,Direction,test@1234
Helyn,Eddicott,Tours,Regies,test@1234
Sorcha,Tearle,Bordeaux,Direction,test@1234
Bernie,Dadge,Bordeaux,Ressources-humaines,test@1234
Dunn,Collumbell,Tours,Comptabilite,test@1234
Heinrik,McQueen,Tours,Direction,test@1234
Theda,Norgan,Tours,Ressources-humaines,test@1234
Elwyn,Kelmere,Tours,Direction,test@1234
Marylou,Stapleton,Tours,Regies,test@1234
Fidelity,Keson,Tours,Coordination,test@1234
Son,Calvie,Tours,Direction,test@1234
Ag,Pickerell,Tours,Direction,test@1234
Katey,Haggerston,Bordeaux,Logistique,test@1234
Fancy,Manifould,Tours,Regies,test@1234
Gan,John,Tours,Comptabilite,test@1234
Kacey,Talton,Tours,Logistique,test@1234
Jocelyn,Bolter,Bordeaux,Direction,test@1234
Hersch,Ashmole,Bordeaux,Coordination,test@1234
Waiter,Bothen,Tours,Comptabilite,test@1234
Cathleen,McClenan,Bordeaux,Logistique,test@1234
Shari,Crock,Tours,Regies,test@1234
Clovis,Robak,Tours,Regies,test@1234
Dex,Gilding,Tours,Coordination,test@1234
Brina,Pinchin,Tours,Logistique,test@1234
Arabele,Rumford,Bordeaux,Coordination,test@1234
Clint,Hagergham,Bordeaux,Comptabilite,test@1234
Hew,Tanslie,Tours,Logistique,test@1234
Berget,Fairbard,Bordeaux,Comptabilite,test@1234
Beverlee,Tapson,Bordeaux,Comptabilite,test@1234
Essy,Velasquez,Bordeaux,Direction,test@1234
Micky,Daulby,Bordeaux,Regies,test@1234
Fidela,Fawckner,Tours,Service-informatique,test@1234
Cyrus,Duddell,Tours,Logistique,test@1234
Rafaela,Proschek,Tours,Comptabilite,test@1234
Felice,McElwee,Bordeaux,Ressources-humaines,test@1234
Coralyn,Hugonneau,Bordeaux,Regies,test@1234
Reena,Picford,Bordeaux,Ressources-humaines,test@1234
Kristien,Meriot,Tours,Coordination,test@1234
Tallie,Aldiss,Tours,Direction,test@1234
Jarvis,Cuttle,Tours,Coordination,test@1234
Albertina,Knifton,Tours,Logistique,test@1234
Cortney,Capstaff,Bordeaux,Direction,test@1234
Waldo,Bugdell,Bordeaux,Regies,test@1234
Jazmin,Alford,Bordeaux,Coordination,test@1234
Ferdy,Coston,Tours,Logistique,test@1234
Michaelina,Deeny,Tours,Service-informatique,test@1234
Benson,Brandin,Tours,Coordination,test@1234
Allister,Bainbridge,Bordeaux,Regies,test@1234
Sella,Pittel,Tours,Regies,test@1234
Zebulon,Rickert,Bordeaux,Logistique,test@1234
Nerissa,Cohrs,Tours,Ressources-humaines,test@1234
Joceline,Thewlis,Bordeaux,Coordination,test@1234
Doy,Rushbrook,Bordeaux,Ressources-humaines,test@1234
Gerianne,Fierman,Tours,Coordination,test@1234
Kurtis,Tatters,Bordeaux,Service-informatique,test@1234
El,Stollenberg,Bordeaux,Ressources-humaines,test@1234
Sebastien,Millery,Tours,Ressources-humaines,test@1234
Mickie,Spinozzi,Bordeaux,Comptabilite,test@1234
Karee,Sanbroke,Bordeaux,Service-informatique,test@1234
Miquela,Swate,Tours,Service-informatique,test@1234
Udall,Kemell,Bordeaux,Ressources-humaines,test@1234
Marjy,Skacel,Bordeaux,Comptabilite,test@1234
Rozalin,Eyrl,Tours,Regies,test@1234
Giavani,Edlyn,Bordeaux,Service-informatique,test@1234
Curtice,Boyington,Bordeaux,Direction,test@1234
Genna,Jagiela,Bordeaux,Logistique,test@1234
Kristien,Vesty,Tours,Logistique,test@1234
Lorens,Weinmann,Bordeaux,Coordination,test@1234
Brittne,Grayling,Bordeaux,Ressources-humaines,test@1234
Harlan,McFarland,Bordeaux,Service-informatique,test@1234
Catina,Juleff,Tours,Logistique,test@1234
Stavro,Hynde,Bordeaux,Service-informatique,test@1234
Eachelle,Laver,Bordeaux,Coordination,test@1234
Elonore,Klimushev,Bordeaux,Coordination,test@1234
Murial,Cornejo,Tours,Coordination,test@1234
Anstice,Guirard,Tours,Service-informatique,test@1234
Jessamyn,Bound,Bordeaux,Logistique,test@1234
Veriee,Shaxby,Tours,Coordination,test@1234
Gradey,Spancock,Bordeaux,Coordination,test@1234
Rhianna,Proudler,Bordeaux,Comptabilite,test@1234
Alanna,Cothey,Bordeaux,Ressources-humaines,test@1234
Meggi,Jacquemet,Tours,Regies,test@1234
Daloris,Iacovelli,Tours,Regies,test@1234
Marlowe,Cannings,Bordeaux,Logistique,test@1234
Geri,Chedzoy,Tours,Logistique,test@1234
Clarissa,Vlasenko,Bordeaux,Comptabilite,test@1234
Elaine,Zambon,Tours,Comptabilite,test@1234
Carree,Rampton,Tours,Coordination,test@1234
Ab,Trumper,Tours,Ressources-humaines,test@1234
Toma,Mathet,Tours,Regies,test@1234
Cornela,Levick,Tours,Direction,test@1234
Bili,Villiers,Tours,Coordination,test@1234
Remus,Doran,Bordeaux,Regies,test@1234
Nedda,Paunton,Bordeaux,Service-informatique,test@1234
Vasili,Crowest,Tours,Regies,test@1234
Westbrooke,Sales,Bordeaux,Comptabilite,test@1234
Raoul,Kynge,Tours,Regies,test@1234
Arvy,Westwater,Tours,Logistique,test@1234
Bunni,Esmond,Bordeaux,Regies,test@1234
Otho,Dunks,Bordeaux,Comptabilite,test@1234
Lydon,Kellaway,Bordeaux,Comptabilite,test@1234
Kelcy,Loding,Tours,Coordination,test@1234
Jackie,Kuhnt,Tours,Comptabilite,test@1234
Case,Bridgnell,Tours,Ressources-humaines,test@1234
Mildred,Locksley,Tours,Ressources-humaines,test@1234
Carri,Stebles,Bordeaux,Coordination,test@1234
Abbie,Meuse,Bordeaux,Logistique,test@1234
Kari,Scneider,Bordeaux,Regies,test@1234
Kalli,Romero,Tours,Logistique,test@1234
Goddard,World,Bordeaux,Regies,test@1234
Padgett,Simacek,Bordeaux,Service-informatique,test@1234
Matthiew,Amy,Bordeaux,Coordination,test@1234
Pincas,Sycamore,Tours,Coordination,test@1234
Odelia,Fancourt,Tours,Coordination,test@1234
Juli,Carbert,Bordeaux,Comptabilite,test@1234
Waneta,Shand,Tours,Ressources-humaines,test@1234
Fonz,Shepherdson,Bordeaux,Coordination,test@1234
Tate,Branchet,Tours,Comptabilite,test@1234
Jeremiah,Thomson,Tours,Ressources-humaines,test@1234
Kerstin,Ruvel,Bordeaux,Logistique,test@1234
